{
  "forecast_mape": 4.751717965298495,
  "forecast_rmse": 187.45204285052856,
  "forecast_mae": 78.60573896425532
}