{
  "pcis_r2": 0.9985650208803699,
  "pcis_mae": 0.0024659086141161656
}